{
  "name" : "job-1536946235784",
  "sourceOrgId" : "2fD0URlNcuFfj6fdli77oA",
  "sourceOrgName" : "Informatica IPS IDC",
  "exportedObjects" : [ {
    "objectGuid" : "dsuxzOuGvmGhVa458rfxcm",
    "objectName" : "Temp",
    "objectType" : "Project",
    "path" : "/Explore",
    "metadata" : {
      "modelVersion" : {
        "major" : 0,
        "minor" : 0
      },
      "repoInfo" : null,
      "objectRefs" : [ ],
      "contextAttributes" : [ ],
      "additionalInfo" : {
        "description" : "",
        "contentType" : "Binary",
        "documentState" : "COMPLETE"
      },
      "objectExistence" : "WITHOUT_DEPENDENCIES"
    }
  }, {
    "objectGuid" : "aA4NdgRlyDeiU5FKOvgtGn",
    "objectName" : "m_Read_Sybase_FreeTDS_Driver",
    "objectType" : "DTEMPLATE",
    "path" : "/Explore/Temp",
    "metadata" : {
      "modelVersion" : {
        "major" : 0,
        "minor" : 0
      },
      "repoInfo" : {
        "repoHandle" : "01002F1700000000001G"
      },
      "objectRefs" : [ "09llvivWurpjGdDfucIEe6", "aKoI06RvJRygnm9J6eiVW5" ],
      "contextAttributes" : [ {
        "name" : "id",
        "value" : "@1"
      } ],
      "additionalInfo" : {
        "description" : "",
        "contentType" : "JSON",
        "documentState" : "VALID"
      },
      "objectExistence" : "WITH_DEPENDENCIES"
    }
  }, {
    "objectGuid" : "09llvivWurpjGdDfucIEe6",
    "objectName" : "SYBASE_ASE_FREETDS",
    "objectType" : "Connection",
    "path" : "/SYS",
    "metadata" : {
      "modelVersion" : {
        "major" : 0,
        "minor" : 0
      },
      "repoInfo" : {
        "repoHandle" : "01002F0B00000000000Q"
      },
      "objectRefs" : [ "0i0Vy18MPYjdeqpc6atfmo" ],
      "contextAttributes" : [ {
        "name" : "id",
        "value" : "@1"
      } ],
      "additionalInfo" : {
        "description" : null,
        "contentType" : "JSON",
        "documentState" : "COMPLETE"
      },
      "objectExistence" : "WITH_DEPENDENCIES"
    }
  }, {
    "objectGuid" : "aKoI06RvJRygnm9J6eiVW5",
    "objectName" : "PMTargetFileDir",
    "objectType" : "Connection",
    "path" : "/SYS",
    "metadata" : {
      "modelVersion" : {
        "major" : 0,
        "minor" : 0
      },
      "repoInfo" : {
        "repoHandle" : "01002F0B000000000003"
      },
      "objectRefs" : [ "0i0Vy18MPYjdeqpc6atfmo" ],
      "contextAttributes" : [ {
        "name" : "id",
        "value" : "@1"
      } ],
      "additionalInfo" : {
        "description" : null,
        "contentType" : "JSON",
        "documentState" : "COMPLETE"
      },
      "objectExistence" : "WITH_DEPENDENCIES"
    }
  }, {
    "objectGuid" : "0i0Vy18MPYjdeqpc6atfmo",
    "objectName" : "Linux",
    "objectType" : "AgentGroup",
    "path" : "/SYS",
    "metadata" : {
      "modelVersion" : {
        "major" : 0,
        "minor" : 0
      },
      "repoInfo" : {
        "repoHandle" : "01002F25000000000002"
      },
      "objectRefs" : [ ],
      "contextAttributes" : [ {
        "name" : "id",
        "value" : "@1"
      } ],
      "additionalInfo" : {
        "description" : null,
        "contentType" : "JSON",
        "documentState" : "VALID"
      },
      "objectExistence" : "WITH_DEPENDENCIES"
    }
  } ]
}